{
  "benchmarkSchemaVersion": 1,
  "budgets": {
    "flushLatestP95Ms": 1000,
    "heapFixedOverheadBytes": 8388608,
    "heapToCanonicalRatio": 6,
    "loadP95Ms": 3000,
    "loadedRssBytes": 536870912,
    "recoveryP95Ms": 3000
  },
  "environment": {
    "architecture": "arm64",
    "cpu": "unknown",
    "cpuCount": 14,
    "freeMemoryBytesAtEnd": 7054118912,
    "node": "v24.16.0",
    "platform": "linux 7.0.11-orbstack-00360-gc9bc4d96ac70",
    "totalMemoryBytes": 16819834880,
    "v8": "13.6.233.17-node.49"
  },
  "methodology": {
    "clock": "performance.now",
    "confidenceInterval": "normal approximation, 95%",
    "datasetSeed": "0x6e657774",
    "gcExposed": true,
    "profile": "standard",
    "processIsolation": "one fresh Node.js process per dataset size",
    "samples": 12,
    "warmups": 3
  },
  "qualification": {
    "failures": [],
    "largestPassingRecordCount": 100000,
    "passedSizes": [1000, 10000, 100000]
  },
  "package": {
    "name": "newtondb",
    "version": "2.0.0-beta.0"
  },
  "results": [
    {
      "canonicalBytes": 112323,
      "heapDeltaBytes": 804672,
      "loadedHeapBytes": 6448400,
      "loadedRssBytes": 61964288,
      "oneRecordUpdateHeapDeltaBytes": 19080,
      "retainedEventCanonicalBytes": 44626,
      "retainedEventBytes": 0,
      "secondaryIndexHeapBytes": 306552,
      "heapToCanonicalRatio": 7.16391122031997,
      "metricsMs": {
        "compoundSortLimit": {
          "ci95": [0.3007938107368607, 0.34040585592979516],
          "mean": 0.3205998333333279,
          "p50": 0.30457799999999224,
          "p95": 0.42085199999999645,
          "samples": 12
        },
        "delete": {
          "ci95": [0.014655495007431808, 0.019686171659226172],
          "mean": 0.01717083333332899,
          "p50": 0.015205999999977848,
          "p95": 0.028579000000036103,
          "samples": 12
        },
        "flushLatest": {
          "ci95": [11.547379410927796, 23.120889422405547],
          "mean": 17.33413441666667,
          "p50": 14.179475000000025,
          "p95": 47.95821599999999,
          "samples": 12
        },
        "indexedEqualityHit10": {
          "ci95": [0.03122879947251292, 0.03873253386081647],
          "mean": 0.034980666666664696,
          "p50": 0.031829000000016094,
          "p95": 0.052616999999997915,
          "samples": 12
        },
        "indexedEqualityMiss10": {
          "ci95": [0.02778634962593796, 0.030885317040716728],
          "mean": 0.029335833333327344,
          "p50": 0.028245999999995774,
          "p95": 0.03566200000000208,
          "samples": 12
        },
        "insert": {
          "ci95": [-0.03695033092262355, 0.26674766425593727],
          "mean": 0.11489866666665687,
          "p50": 0.029411999999979344,
          "p95": 0.9637679999999591,
          "samples": 12
        },
        "load": {
          "ci95": [6.787427945630474, 7.491129721036196],
          "mean": 7.139278833333335,
          "p50": 7.125358000000006,
          "p95": 8.833967999999999,
          "samples": 12
        },
        "nativeArrayEquality": {
          "ci95": [0.05865967905740052, 0.0635573209425915],
          "mean": 0.06110849999999601,
          "p50": 0.0584909999999752,
          "p95": 0.07203000000001225,
          "samples": 12
        },
        "nativeMapGet100": {
          "ci95": [0.016934694878831685, 0.021330471787839585],
          "mean": 0.019132583333335635,
          "p50": 0.017538999999999305,
          "p95": 0.02837100000002124,
          "samples": 12
        },
        "oneRecordUpdate": {
          "ci95": [0.046007564498715486, 0.0578026021679465],
          "mean": 0.05190508333333099,
          "p50": 0.04678400000000238,
          "p95": 0.07323900000000094,
          "samples": 12
        },
        "openExistingAndClose": {
          "ci95": [10.650526328113894, 12.466041005219413],
          "mean": 11.558283666666654,
          "p50": 11.10324300000002,
          "p95": 14.685564,
          "samples": 12
        },
        "persistedUpdate": {
          "ci95": [10.32654299790317, 12.339982835430169],
          "mean": 11.33326291666667,
          "p50": 10.643731000000002,
          "p95": 14.287793000000022,
          "samples": 12
        },
        "rejectedKeyChange": {
          "ci95": [0.017319577872273607, 0.021146755461068024],
          "mean": 0.019233166666670815,
          "p50": 0.01808099999999513,
          "p95": 0.025996000000020558,
          "samples": 12
        },
        "scanComparison": {
          "ci95": [0.08032657898278672, 0.08531425435054549],
          "mean": 0.0828204166666661,
          "p50": 0.08115399999999795,
          "p95": 0.0897780000000239,
          "samples": 12
        },
        "selectivityFiftyPercent": {
          "ci95": [0.04972964293032832, 0.05775352373633044],
          "mean": 0.05374158333332938,
          "p50": 0.050158999999979414,
          "p95": 0.07232200000001399,
          "samples": 12
        },
        "selectivityOnePercent": {
          "ci95": [0.003416347595840077, 0.0038398190708290583],
          "mean": 0.0036280833333345677,
          "p50": 0.003458000000023276,
          "p95": 0.00462500000000432,
          "samples": 12
        },
        "serialization": {
          "ci95": [0.617309896326457, 0.651188937006887],
          "mean": 0.634249416666672,
          "p50": 0.6231119999999919,
          "p95": 0.713390000000004,
          "samples": 12
        },
        "transaction1": {
          "ci95": [0.023193730531615595, 0.027673436135061527],
          "mean": 0.02543358333333856,
          "p50": 0.02399600000001101,
          "p95": 0.03374500000001035,
          "samples": 12
        },
        "transaction10": {
          "ci95": [0.12903615559398804, 0.2602236777393435],
          "mean": 0.19462991666666576,
          "p50": 0.16214199999996026,
          "p95": 0.5569140000000061,
          "samples": 12
        },
        "transaction100": {
          "ci95": [1.4735503850113871, 1.8434021149886073],
          "mean": 1.6584762499999972,
          "p50": 1.5914619999999786,
          "p95": 2.426917000000003,
          "samples": 12
        },
        "scannedEqualityHit10": {
          "ci95": [0.6315223860618443, 1.314287947271497],
          "mean": 0.9729051666666706,
          "p50": 0.7749630000000138,
          "p95": 2.787861000000021,
          "samples": 12
        }
      },
      "records": 1000,
      "executionPeakRssBytes": 110751744,
      "rssBytes": 108654592,
      "rssDeltaBytes": 7385088,
      "rssToCanonicalRatio": 65.74867124275526
    },
    {
      "canonicalBytes": 1122860,
      "heapDeltaBytes": 7147800,
      "loadedHeapBytes": 16105792,
      "loadedRssBytes": 110997504,
      "oneRecordUpdateHeapDeltaBytes": 174720,
      "retainedEventCanonicalBytes": 44626,
      "retainedEventBytes": 0,
      "secondaryIndexHeapBytes": 1746456,
      "heapToCanonicalRatio": 6.365708993106888,
      "metricsMs": {
        "compoundSortLimit": {
          "ci95": [4.433513316950912, 5.551069183049113],
          "mean": 4.9922912500000125,
          "p50": 4.6477820000000065,
          "p95": 7.689603000000034,
          "samples": 12
        },
        "delete": {
          "ci95": [0.08093072134054526, 0.09465294532611813],
          "mean": 0.0877918333333317,
          "p50": 0.08702800000014577,
          "p95": 0.12068999999996777,
          "samples": 12
        },
        "flushLatest": {
          "ci95": [33.16459599851189, 39.13155366815463],
          "mean": 36.14807483333326,
          "p50": 33.79386199999999,
          "p95": 48.49871499999972,
          "samples": 12
        },
        "indexedEqualityHit10": {
          "ci95": [0.028495237587235284, 0.038389929079444364],
          "mean": 0.033442583333339826,
          "p50": 0.029287000000067565,
          "p95": 0.05461699999978009,
          "samples": 12
        },