{
  "benchmarkSchemaVersion": 1,
  "budgets": {
    "flushLatestP95Ms": 1000,
    "heapFixedOverheadBytes": 8388608,
    "heapToCanonicalRatio": 6,
    "loadP95Ms": 3000,
    "loadedRssBytes": 536870912,
    "recoveryP95Ms": 3000
  },
  "environment": {
    "architecture": "arm64",
    "cpu": "unknown",
    "cpuCount": 14,
    "freeMemoryBytesAtEnd": 5399851008,
    "node": "v24.16.0",
    "platform": "linux 7.0.11-orbstack-00360-gc9bc4d96ac70",
    "totalMemoryBytes": 16819834880,
    "v8": "13.6.233.17-node.49"
  },
  "methodology": {
    "clock": "performance.now",
    "confidenceInterval": "normal approximation, 95%",
    "datasetSeed": "0x6e657774",
    "gcExposed": true,
    "profile": "standard",
    "processIsolation": "one fresh Node.js process per dataset size",
    "samples": 12,
    "warmups": 3
  },
  "qualification": {
    "failures": [],
    "largestPassingRecordCount": 100000,
    "passedSizes": [1000, 10000, 100000]
  },
  "package": {
    "name": "newtondb",
    "version": "2.0.0-beta.0"
  },
  "results": [
    {
      "canonicalBytes": 112323,
      "heapDeltaBytes": 843032,
      "loadedHeapBytes": 6507456,
      "loadedRssBytes": 62935040,
      "oneRecordUpdateHeapDeltaBytes": 20544,
      "retainedEventCanonicalBytes": 44626,
      "retainedEventBytes": 0,
      "secondaryIndexHeapBytes": 334912,
      "heapToCanonicalRatio": 7.505426315180328,
      "metricsMs": {
        "compoundSortLimit": {
          "ci95": [0.47915448792738397, 1.005887845405951],
          "mean": 0.7425211666666675,
          "p50": 0.5329979999999637,
          "p95": 1.7111960000000295,
          "samples": 12
        },
        "delete": {
          "ci95": [0.016345010393268675, 0.022826822940082307],
          "mean": 0.01958591666667549,
          "p50": 0.01625500000000102,
          "p95": 0.0337610000000268,
          "samples": 12
        },
        "flushLatest": {
          "ci95": [11.522363381560558, 13.847277951772794],
          "mean": 12.684820666666676,
          "p50": 12.562493000000018,
          "p95": 15.597315999999978,
          "samples": 12
        },
        "indexedEqualityHit10": {
          "ci95": [0.05815559068827054, 0.08916090931172702],
          "mean": 0.07365824999999877,
          "p50": 0.06301899999999705,
          "p95": 0.1474619999999618,
          "samples": 12
        },
        "indexedEqualityMiss10": {
          "ci95": [0.0459611732889427, 0.05607032671104796],
          "mean": 0.05101574999999533,
          "p50": 0.04726499999998168,
          "p95": 0.0725219999999922,
          "samples": 12
        },
        "insert": {
          "ci95": [0.029776847517297516, 0.03453481914935209],
          "mean": 0.0321558333333248,
          "p50": 0.030259000000000924,
          "p95": 0.0398869999999647,
          "samples": 12
        },
        "load": {
          "ci95": [11.310284419264597, 16.480951247402068],
          "mean": 13.895617833333333,
          "p50": 12.468148999999983,
          "p95": 23.175002000000006,
          "samples": 12
        },
        "nativeArrayEquality": {
          "ci95": [0.148893735780409, 0.18620359755291394],
          "mean": 0.16754866666666146,
          "p50": 0.15929900000003272,
          "p95": 0.2637489999999616,
          "samples": 12
        },
        "nativeMapGet100": {
          "ci95": [-0.03212754100805293, 0.18800920767471163],
          "mean": 0.07794083333332935,
          "p50": 0.0186729999999784,
          "p95": 0.6954239999999459,
          "samples": 12
        },
        "oneRecordUpdate": {
          "ci95": [0.10834370909093505, 0.15109745757574078],
          "mean": 0.1297205833333379,
          "p50": 0.107783999999981,
          "p95": 0.19651900000002342,
          "samples": 12
        },
        "openExistingAndClose": {
          "ci95": [17.980720096510144, 20.96396607015655],
          "mean": 19.472343083333346,
          "p50": 19.35937600000011,
          "p95": 22.829400000000078,
          "samples": 12
        },
        "persistedUpdate": {
          "ci95": [13.612207899811088, 17.15142426685555],
          "mean": 15.38181608333332,
          "p50": 14.218672999999967,
          "p95": 20.17815399999995,
          "samples": 12
        },
        "rejectedKeyChange": {
          "ci95": [0.02435681966055865, 0.03593968033944347],
          "mean": 0.03014825000000106,
          "p50": 0.02859200000000328,
          "p95": 0.04822300000000723,
          "samples": 12
        },
        "scanComparison": {
          "ci95": [0.1247380255180501, 0.38302314114863245],
          "mean": 0.2538805833333413,
          "p50": 0.14529500000003281,
          "p95": 0.7949540000000184,
          "samples": 12
        },
        "selectivityFiftyPercent": {
          "ci95": [0.09138704310649794, 0.09957445689349755],
          "mean": 0.09548074999999774,
          "p50": 0.09536199999996597,
          "p95": 0.10807499999998527,
          "samples": 12
        },
        "selectivityOnePercent": {
          "ci95": [0.014542748976962326, 0.01917641768969465],
          "mean": 0.016859583333328487,
          "p50": 0.01746400000001813,
          "p95": 0.02092299999998204,
          "samples": 12
        },
        "serialization": {
          "ci95": [0.6888824138975466, 0.7424684194357652],
          "mean": 0.7156754166666559,
          "p50": 0.6986969999999246,
          "p95": 0.8049870000000965,
          "samples": 12
        },
        "transaction1": {
          "ci95": [-0.03951672611748197, 0.2638290594508405],
          "mean": 0.11215616666667927,
          "p50": 0.026175000000023374,
          "p95": 0.9608390000000213,
          "samples": 12
        },
        "transaction10": {
          "ci95": [0.17347769425782106, 0.25602980574216916],
          "mean": 0.2147537499999951,
          "p50": 0.17784699999998566,
          "p95": 0.4113360000000057,
          "samples": 12
        },
        "transaction100": {
          "ci95": [1.6987781764337135, 2.218469990232963],
          "mean": 1.9586240833333382,
          "p50": 1.8304410000000075,
          "p95": 3.1089880000000107,
          "samples": 12
        },
        "scannedEqualityHit10": {
          "ci95": [1.0215817362021573, 1.4263352637978701],
          "mean": 1.2239585000000137,
          "p50": 1.0183570000000373,
          "p95": 1.7411220000000185,
          "samples": 12
        }
      },
      "records": 1000,
      "executionPeakRssBytes": 113934336,
      "rssBytes": 108986368,
      "rssDeltaBytes": 8044544,
      "rssToCanonicalRatio": 71.61973950125976
    },
    {
      "canonicalBytes": 1122860,
      "heapDeltaBytes": 7184592,
      "loadedHeapBytes": 16163616,
      "loadedRssBytes": 109092864,
      "oneRecordUpdateHeapDeltaBytes": 171264,
      "retainedEventCanonicalBytes": 44626,
      "retainedEventBytes": 0,
      "secondaryIndexHeapBytes": 1782472,
      "heapToCanonicalRatio": 6.398475321945746,
      "metricsMs": {
        "compoundSortLimit": {
          "ci95": [4.44827735289555, 4.855597813771045],
          "mean": 4.651937583333297,
          "p50": 4.64775399999985,
          "p95": 5.484906000000137,
          "samples": 12
        },
        "delete": {
          "ci95": [0.07886910548128336, 0.10228772785212982],
          "mean": 0.09057841666670659,
          "p50": 0.08891500000004271,
          "p95": 0.1293310000000929,
          "samples": 12
        },
        "flushLatest": {
          "ci95": [40.57226033359515, 46.699527833071514],
          "mean": 43.63589408333333,
          "p50": 43.299590999999964,
          "p95": 56.09853800000019,
          "samples": 12
        },
        "indexedEqualityHit10": {
          "ci95": [0.04701172767145164, 0.057298938995154626],
          "mean": 0.05215533333330313,
          "p50": 0.0473739999999907,
          "p95": 0.07329000000004271,
          "samples": 12
        },