{
  "benchmarkSchemaVersion": 1,
  "budgets": {
    "flushLatestP95Ms": 1000,
    "heapFixedOverheadBytes": 8388608,
    "heapToCanonicalRatio": 6,
    "loadP95Ms": 3000,
    "loadedRssBytes": 536870912,
    "recoveryP95Ms": 3000
  },
  "environment": {
    "architecture": "arm64",
    "cpu": "unknown",
    "cpuCount": 14,
    "freeMemoryBytesAtEnd": 6689591296,
    "node": "v24.16.0",
    "platform": "linux 7.0.11-orbstack-00360-gc9bc4d96ac70",
    "totalMemoryBytes": 16819834880,
    "v8": "13.6.233.17-node.49"
  },
  "methodology": {
    "clock": "performance.now",
    "confidenceInterval": "normal approximation, 95%",
    "datasetSeed": "0x6e657774",
    "gcExposed": true,
    "profile": "standard",
    "processIsolation": "one fresh Node.js process per dataset size",
    "samples": 12,
    "warmups": 3
  },
  "qualification": {
    "failures": [],
    "largestPassingRecordCount": 100000,
    "passedSizes": [1000, 10000, 100000]
  },
  "package": {
    "name": "newtondb",
    "version": "2.0.0-beta.0"
  },
  "results": [
    {
      "canonicalBytes": 112818,
      "heapDeltaBytes": 787768,
      "loadedHeapBytes": 6418504,
      "loadedRssBytes": 62382080,
      "heapToCanonicalRatio": 6.982644613448208,
      "metricsMs": {
        "compoundSortLimit": {
          "ci95": [0.10236255943555685, 0.17450794056443958],
          "mean": 0.1384352499999982,
          "p50": 0.12183400000000688,
          "p95": 0.33829500000001644,
          "samples": 12
        },
        "delete": {
          "ci95": [0.011598691051027465, 0.014845975615630697],
          "mean": 0.01322233333332908,
          "p50": 0.011750000000006366,
          "p95": 0.02058399999998528,
          "samples": 12
        },
        "flushLatest": {
          "ci95": [9.586591232271418, 12.229020934395225],
          "mean": 10.907806083333321,
          "p50": 10.507968999999946,
          "p95": 17.968660999999997,
          "samples": 12
        },
        "indexedEqualityHit10": {
          "ci95": [0.030323142893085922, 0.03710785710691794],
          "mean": 0.03371550000000193,
          "p50": 0.03125,
          "p95": 0.05016699999998764,
          "samples": 12
        },
        "indexedEqualityMiss10": {
          "ci95": [0.026480246972784508, 0.030158753027210123],
          "mean": 0.028319499999997316,
          "p50": 0.026791000000002896,
          "p95": 0.03649999999998954,
          "samples": 12
        },
        "insert": {
          "ci95": [0.026988084152834508, 0.031005915847163893],
          "mean": 0.0289969999999992,
          "p50": 0.027416999999985592,
          "p95": 0.03620899999998528,
          "samples": 12
        },
        "load": {
          "ci95": [6.621460309705482, 7.244753690294516],
          "mean": 6.933106999999999,
          "p50": 7.005561999999998,
          "p95": 7.916070999999988,
          "samples": 12
        },
        "nativeArrayEquality": {
          "ci95": [0.05343252834997315, 0.05801263831668697],
          "mean": 0.05572258333333006,
          "p50": 0.05350000000001387,
          "p95": 0.06654199999999832,
          "samples": 12
        },
        "nativeMapGet100": {
          "ci95": [0.01708189509595541, 0.021050271570710592],
          "mean": 0.019066083333333,
          "p50": 0.01779199999998582,
          "p95": 0.026082999999999856,
          "samples": 12
        },
        "oneRecordUpdate": {
          "ci95": [0.05617851975572202, 0.06594781357761909],
          "mean": 0.061063166666670554,
          "p50": 0.05879200000001106,
          "p95": 0.07733400000000756,
          "samples": 12
        },
        "openExistingAndClose": {
          "ci95": [10.082842308254499, 12.409206358412177],
          "mean": 11.246024333333338,
          "p50": 10.55846900000006,
          "p95": 17.014069000000063,
          "samples": 12
        },
        "persistedUpdate": {
          "ci95": [8.99881122893862, 10.052393437728067],
          "mean": 9.525602333333344,
          "p50": 9.307082999999977,
          "p95": 11.387475999999992,
          "samples": 12
        },
        "rejectedKeyChange": {
          "ci95": [0.020444347871568916, 0.024222985461767585],
          "mean": 0.02233366666666825,
          "p50": 0.021333999999995967,
          "p95": 0.03008400000001643,
          "samples": 12
        },
        "scanComparison": {
          "ci95": [0.0902285331049808, 0.11562030022835831],
          "mean": 0.10292441666666956,
          "p50": 0.09554199999999469,
          "p95": 0.15904300000002536,
          "samples": 12
        },
        "serialization": {
          "ci95": [0.585162876231894, 0.8859892904347616],
          "mean": 0.7355760833333278,
          "p50": 0.6247139999999831,
          "p95": 1.5428469999999948,
          "samples": 12
        },
        "transaction100": {
          "ci95": [2.027130082223794, 2.4722989177762122],
          "mean": 2.249714500000003,
          "p50": 2.2041030000000035,
          "p95": 3.108319999999992,
          "samples": 12
        },
        "scannedEqualityHit10": {
          "ci95": [0.5924468139517817, 0.7547873527148802],
          "mean": 0.6736170833333309,
          "p50": 0.6332979999999964,
          "p95": 1.0950929999999914,
          "samples": 12
        }
      },
      "records": 1000,
      "executionPeakRssBytes": 111017984,
      "rssBytes": 111017984,
      "rssDeltaBytes": 7622656,
      "rssToCanonicalRatio": 67.56595578719708
    },
    {
      "canonicalBytes": 1128091,
      "heapDeltaBytes": 7129936,
      "loadedHeapBytes": 16079832,
      "loadedRssBytes": 110370816,
      "heapToCanonicalRatio": 6.320355361402582,
      "metricsMs": {
        "compoundSortLimit": {
          "ci95": [0.7653051391743446, 0.9964740274922359],
          "mean": 0.8808895833332903,
          "p50": 0.8000489999999445,
          "p95": 1.370386999999937,
          "samples": 12
        },
        "delete": {
          "ci95": [0.024387895584415297, 0.035821104415533],
          "mean": 0.03010449999997415,
          "p50": 0.024791999999933978,
          "p95": 0.0567510000000766,
          "samples": 12
        },
        "flushLatest": {
          "ci95": [27.014192183188214, 32.913288150144986],
          "mean": 29.9637401666666,
          "p50": 28.279253000000153,
          "p95": 38.75597099999959,
          "samples": 12
        },
        "indexedEqualityHit10": {
          "ci95": [0.029023327435443478, 0.03647750589783576],
          "mean": 0.032750416666639616,
          "p50": 0.02970899999991161,
          "p95": 0.05216700000005403,
          "samples": 12
        },
        "indexedEqualityMiss10": {
          "ci95": [0.020909597430224153, 0.046820569236406345],
          "mean": 0.03386508333331525,
          "p50": 0.025416999999833934,
          "p95": 0.10612600000013117,
          "samples": 12
        },
        "insert": {
          "ci95": [0.03306090300357238, 0.0494604303297268],
          "mean": 0.04126066666664959,
          "p50": 0.03300000000012915,
          "p95": 0.0702089999999771,
          "samples": 12
        },
        "load": {
          "ci95": [62.05960572280341, 64.81143261052992],
          "mean": 63.435519166666666,
          "p50": 62.37376700000004,
          "p95": 68.82178199999998,
          "samples": 12
        },
        "nativeArrayEquality": {
          "ci95": [0.5328373277457348, 0.5559155055876148],
          "mean": 0.5443764166666748,
          "p50": 0.5324219999999968,
          "p95": 0.5807969999998477,
          "samples": 12
        },
        "nativeMapGet100": {
          "ci95": [0.016658166949698267, 0.026342333050401574],
          "mean": 0.02150025000004992,
          "p50": 0.01858400000014626,
          "p95": 0.04791699999987031,
          "samples": 12
        },
        "oneRecordUpdate": {
          "ci95": [0.0561836438428594, 0.7609416894905436],
          "mean": 0.40856266666670155,
          "p50": 0.20333500000015192,